{"cameraMode":{"drawMode":0,"name":"Shaded","section":"Shading Mode"},"sceneLighting":true,"audioPlay":false,"sceneViewState":{"m_AlwaysRefresh":false,"showFog":true,"showSkybox":true,"showFlares":true,"showImageEffects":true,"showParticleSystems":true,"showVisualEffectGraphs":true,"m_FxEnabled":true},"in2DMode":false,"pivot":{"x":47.03536605834961,"y":-23.01696014404297,"z":-19.992645263671876},"rotation":{"x":0.008733456023037434,"y":-0.8893657922744751,"z":0.01947535015642643,"w":0.45733144879341128},"size":7.835452079772949,"orthographic":false}