{"cameraMode":{"drawMode":0,"name":"Shaded","section":"Shading Mode"},"sceneLighting":true,"audioPlay":false,"sceneViewState":{"m_AlwaysRefresh":false,"showFog":true,"showSkybox":true,"showFlares":true,"showImageEffects":true,"showParticleSystems":true,"showVisualEffectGraphs":true,"m_FxEnabled":true},"in2DMode":false,"pivot":{"x":8.243719100952149,"y":24.365062713623048,"z":-55.666072845458987},"rotation":{"x":0.17685233056545258,"y":-0.7009963393211365,"z":0.1863371729850769,"w":0.6653169989585877},"size":2.4179983139038088,"orthographic":false}