{"cameraMode":{"drawMode":0,"name":"Shaded","section":"Shading Mode"},"sceneLighting":true,"audioPlay":false,"sceneViewState":{"m_AlwaysRefresh":false,"showFog":true,"showSkybox":true,"showFlares":true,"showImageEffects":true,"showParticleSystems":true,"showVisualEffectGraphs":true,"m_FxEnabled":true},"in2DMode":false,"pivot":{"x":-19.773147583007814,"y":3.777696371078491,"z":-60.356266021728519},"rotation":{"x":-0.009761419147253037,"y":-0.2595987617969513,"z":0.0030487929470837118,"w":-0.9658167362213135},"size":1.7227206230163575,"orthographic":false}