{"cameraMode":{"drawMode":0,"name":"Shaded","section":"Shading Mode"},"sceneLighting":true,"audioPlay":false,"sceneViewState":{"m_AlwaysRefresh":false,"showFog":true,"showSkybox":true,"showFlares":true,"showImageEffects":true,"showParticleSystems":true,"showVisualEffectGraphs":true,"m_FxEnabled":true},"in2DMode":false,"pivot":{"x":-1001.0643310546875,"y":-156.82485961914063,"z":-304.42694091796877},"rotation":{"x":0.04756229743361473,"y":-0.7726864218711853,"z":0.058299023658037189,"w":0.630342423915863},"size":537.3008422851563,"orthographic":false}