{"cameraMode":{"drawMode":0,"name":"Shaded","section":"Shading Mode"},"sceneLighting":true,"audioPlay":false,"sceneViewState":{"m_AlwaysRefresh":false,"showFog":true,"showSkybox":true,"showFlares":true,"showImageEffects":true,"showParticleSystems":true,"showVisualEffectGraphs":true,"m_FxEnabled":true},"in2DMode":false,"pivot":{"x":-27.25491714477539,"y":4.935173511505127,"z":-58.558780670166019},"rotation":{"x":0.08397522568702698,"y":0.4851970672607422,"z":-0.046871427446603778,"w":0.8692020177841187},"size":2.2774996757507326,"orthographic":false}