{"cameraMode":{"drawMode":0,"name":"Shaded","section":"Shading Mode"},"sceneLighting":true,"audioPlay":false,"sceneViewState":{"m_AlwaysRefresh":false,"showFog":true,"showSkybox":true,"showFlares":true,"showImageEffects":true,"showParticleSystems":true,"showVisualEffectGraphs":true,"m_FxEnabled":true},"in2DMode":false,"pivot":{"x":-6.6101179122924809,"y":-21.978273391723634,"z":53.51633071899414},"rotation":{"x":0.3466735780239105,"y":-0.03933526203036308,"z":0.014452740550041199,"w":0.9371481537818909},"size":62.55392074584961,"orthographic":false}