{"cameraMode":{"drawMode":0,"name":"Shaded","section":"Shading Mode"},"sceneLighting":true,"audioPlay":false,"sceneViewState":{"m_AlwaysRefresh":false,"showFog":true,"showSkybox":true,"showFlares":true,"showImageEffects":true,"showParticleSystems":true,"showVisualEffectGraphs":true,"m_FxEnabled":true},"in2DMode":false,"pivot":{"x":994.1709594726563,"y":612.9641723632813,"z":-1199.08935546875},"rotation":{"x":-0.025498410686850549,"y":-0.006917897611856461,"z":0.0001499065401731059,"w":-0.9996846914291382},"size":3.2577264308929445,"orthographic":false}