{"cameraMode":{"drawMode":0,"name":"Shaded","section":"Shading Mode"},"sceneLighting":true,"audioPlay":false,"sceneViewState":{"m_AlwaysRefresh":false,"showFog":true,"showSkybox":true,"showFlares":true,"showImageEffects":true,"showParticleSystems":true,"showVisualEffectGraphs":true,"m_FxEnabled":true},"in2DMode":false,"pivot":{"x":35.441349029541019,"y":-14.416461944580079,"z":-25.685325622558595},"rotation":{"x":-0.07779780775308609,"y":0.9164432287216187,"z":-0.2187492996454239,"w":-0.32593169808387759},"size":32.92408752441406,"orthographic":false}